id,game,release_date,price_USD,genres,pc_requirements,gpu_vram,peak
629760,MORDHAU,2019-04-29,29.99,"Action, Indie",NVIDIA GTX 680 or AMD equivalent,2.0,60204.0
427520,Factorio,2020-08-14,35.0,"Casual, Indie, Simulation, Strategy","DirectX 11 capable GPU with 1GB VRAM - GeForce GTX 750 Ti, Radeon R7 360 or Intel UHD Graphics 730",1.0,58374.333333333336
1551360,Forza Horizon 5,2021-11-08,59.99,"Action, Adventure, Racing, Simulation, Sports","NVidia GTX 970, AMD RX 470, OR Intel Arc A380",4.0,80745.0
582660,Black Desert,2017-05-24,9.99,"Action, Adventure, Massively Multiplayer, RPG, Strategy","GeForce GTX 970, Radeon RX 480",4.0,48475.5
1716740,Starfield,2023-09-05,69.99,RPG,"AMD Radeon RX 5700, NVIDIA GeForce 1070 Ti",8.0,330597.0
264710,Subnautica,2018-01-23,29.99,"Adventure, Indie",Intel HD 4600 or equivalent - This includes most GPUs scoring greater than 950 points in the 3DMark Fire Strike benchmark,1.0,19035.0
231430,Company of Heroes 2,2013-06-25,19.99,Strategy,512MB Direct3D 10 capable video card (GeForce 8800 GT or Radeon HD 2900XT),1.0,34707.0
1145350,Hades II,2025-09-25,29.99,"Action, Indie, RPG","GeForce GTX 950, Radeon R7 360, or Intel HD Graphics 630",4.0,102386.0
1293830,Forza Horizon 4,2021-03-09,50.0,Racing,NVidia 650TI OR AMD R7 250x,1.0,75598.0
230410,Warframe,2013-03-25,0.0,"Action, RPG, Free To Play",NVidia 650TI OR AMD R7 250x,1.0,129629.83333333333
10,Counter-Strike,2000-11-01,9.99,Action,NVidia 650TI OR AMD R7 250x,1.0,27342.0
1366540,Dyson Sphere Program,2021-01-20,19.99,"Indie, Simulation, Strategy, Early Access","Dedicated graphics card, GTX 750 Ti 2GB",2.0,59339.0
2215430,Ghost of Tsushima DIRECTOR'S CUT,2024-05-16,59.99,"Action, Adventure",NVIDIA GeForce GTX 960 or AMD Radeon RX 5500 XT,2.0,77154.0
1506830,FIFA 22,2021-10-01,50.0,"Simulation, Sports",NVIDIA GTX 660 2GB or AMD Radeon HD 7850 2GB,2.0,91815.0
1222670,The Sims™ 4,2020-06-18,50.0,"Adventure, Casual, Simulation, Free To Play","128 MB of Video RAM and support for Pixel Shader 3.0. Supported Video Cards: NVIDIA GeForce 6600 or better, ATI Radeon X1300 or better, Intel GMA X4500 or better",1.0,66937.0
1145360,Hades,2020-09-17,24.99,"Action, Indie, RPG",1GB VRAM / DirectX 10+ support,1.0,42216.333333333336
1203220,NARAKA: BLADEPOINT,2021-08-11,0.0,"Action, Adventure, Massively Multiplayer","NVIDIA GeForce GTX 750TI, Intel Arc A380, AMD HD 6950 or equivalent",1.0,258538.75
250900,The Binding of Isaac: Rebirth,2014-11-04,14.99,Action,Discreet video card,1.0,70483.0
252950,Rocket League®,2015-07-06,0.0,"Action, Indie, Racing, Sports","NVIDIA GeForce 760, AMD Radeon R7 270X, or better",2.0,97749.5
526870,Satisfactory,2024-09-10,39.99,"Adventure, Indie, Simulation, Strategy","Nvidia GTX 1650/GTX 1050-ti, or AMD RX 470/RX 570, or equivalent performance & VRAM",4.0,110051.0
1149460,ICARUS,2021-12-03,34.99,"Action, Adventure, Simulation",Nvidia GTX 1060 6GB,6.0,52305.0
1222680,Need for Speed™ Heat,2020-06-04,69.99,"Action, Adventure, Racing, Sports",AMD: Radeon 7970/Radeon R9 280x or Equivalent; NVIDIA: GeForce GTX 760 or Equivalent,2.0,85230.0
1328670,Mass Effect™ Legendary Edition,2021-05-14,59.99,"Action, RPG","GPU: NVIDIA GTX 760, AMD Radeon 7970 / R9280X GPU RAM: 2 GB Video Memory",2.0,59650.0
578080,PUBG: BATTLEGROUNDS,2017-12-21,0.0,"Action, Adventure, Massively Multiplayer, Free To Play",NVIDIA GeForce GTX 960 2GB / AMD Radeon R7 370 2GB,2.0,765038.6666666666
239140,Dying Light,2015-01-26,24.99,"Action, RPG",NVIDIAÂ® GeForceÂ® GTX 560 / AMD Radeonâ¢ HD 6870 (1GB VRAM),1.0,26773.0
1217060,Gunfire Reborn,2021-11-17,19.99,"Action, Adventure, Indie, RPG",GTX 960 / R9 280,2.0,35002.0
550,Left 4 Dead 2,2009-11-16,9.99,Action,"Video card with 128 MB, Shader model 2.0. ATI X800, NVidia 6600 or better",1.0,69769.16666666667
2670630,Supermarket Simulator,2025-06-19,19.99,"Casual, Indie, Simulation",NVIDIA GTX 1050 / AMD R9 270X,2.0,51353.0
632360,Risk of Rain 2,2020-08-11,24.99,"Action, Indie",GTX 580 / AMD HD 7870,1.0,68398.4
892970,Valheim,2021-02-02,19.99,"Action, Adventure, Indie, RPG, Early Access",GeForce GTX 950 or Radeon HD 7970,4.0,202430.25
1196590,Resident Evil Village,2021-05-06,39.99,Action,AMD Radeon RX 560 with 4GB VRAM ï¼ NVIDIA GeForce GTX 1050 Ti with 4GB VRAM,4.0,106631.0
678960,CODE VEIN,2019-09-26,59.99,"Action, RPG",GeForce GTX 760 or Radeon HD 7850,2.0,33804.0
374320,DARK SOULS™ III,2016-04-11,59.99,Action,NVIDIAÂ® GeForce GTX 750 Ti / ATI Radeon HD 7950,2.0,18626.0
552500,Warhammer: Vermintide 2,2018-03-08,29.99,"Action, Indie, RPG",NVIDIA GeForce GTX 460 or AMD Radeon HD 5870,1.0,104134.0
1282100,REMNANT II®,2023-07-25,49.99,"Action, Adventure, RPG",GeForce GTX 1650  / AMD Radeon RX 590,4.0,110756.0
201270,Total War: SHOGUN 2,2011-03-15,29.99,Strategy,256 MB DirectX 9.0c compatible card (shader model 3),1.0,117.0
1501750,Lords of the Fallen,2023-10-13,29.99,"Action, Adventure, RPG",6GBs VRAM | NVIDIA GTX-1060 | AMD Radeon RX 590,6.0,32235.0
108600,Project Zomboid,2013-11-08,19.99,"Indie, RPG, Simulation, Early Access",6GBs VRAM | NVIDIA GTX-1060 | AMD Radeon RX 590,6.0,59337.333333333336
570,Dota 2,2013-07-09,0.0,"Action, Strategy, Free To Play","NVIDIA GeForce 8600/9600GT, ATI/AMD Radeon HD2600/3600",1.0,904769.6666666666
601150,Devil May Cry 5,2019-03-07,29.99,Action,"NVIDIAÂ® GeForceÂ® GTX 760 or AMD Radeonâ¢ R7 260x with 2GB Video RAM, or better",2.0,88735.0
2321470,Deep Rock Galactic: Survivor,2025-09-17,12.99,Action,Geforce GTX 1050 or similar,2.0,56876.0
1128000,Cube World,2019-09-30,19.99,"Adventure, Indie, RPG","AMD Radeon R9 285, NVIDIA GeForce GTX 660",2.0,19465.0
280640,Dark Shadows - Army of Evil,2014-03-11,4.99,"Action, Indie, RPG",AMD Radeonâ¢ 1300 / NVIDIAÂ® GeForceâ¢ 6600,1.0,39882.0
848450,Subnautica: Below Zero,2021-05-13,29.99,"Adventure, Indie",Intel HD 530 or better,1.0,15637.0
440900,Conan Exiles,2018-05-08,39.99,"Action, Adventure, Massively Multiplayer, RPG, Simulation, Strategy",NVIDIA GeForce GTX 1650 or Radeon RX 580,4.0,32877.666666666664
1313860,EA SPORTS™ FIFA 21,2020-10-08,50.0,"Simulation, Sports",NVIDIA GTX 660 2GB or AMD Radeon HD 7850 2GB,2.0,43733.0
552520,Far Cry® 5,2018-03-26,59.99,"Action, Adventure",NVIDIA GeForce GTX 670 or AMD R9 270 (2GB VRAM with Shader Model 5.0 or better),2.0,17762.0
242760,The Forest,2018-04-30,19.99,"Action, Adventure, Indie, Simulation",NVIDIA GeForce 8800GT,1.0,68560.4
252490,Rust,2018-02-08,39.99,"Action, Adventure, Indie, Massively Multiplayer, RPG",GTX 1050 / AMD 500 Series or better,2.0,166998.66666666666
1222730,STAR WARS™: Squadrons,2020-10-01,39.99,"Action, Simulation",Radeon HD 7850 or better/GeForce GTX 660 or better,2.0,35721.0
779340,Total War: THREE KINGDOMS,2019-05-23,59.99,"Action, Strategy",GTX 650 Ti 1GB|HD 7850 1GB|Intel UHD Graphics 620,1.0,110946.0
2344520,Diablo® IV,2023-10-17,49.99,"Action, RPG",NVIDIAÂ® GeForceÂ® GTX 660 or IntelÂ® Arcâ¢ A380 or AMD Radeonâ¢ R9 280,2.0,55561.0
755790,Ring of Elysium,2019-06-24,0.0,"Action, Free To Play, Massively Multiplayer",NVIDIA GeForce GT 730 or equivalent,2.0,58576.0
548430,Deep Rock Galactic,2020-05-13,29.99,Action,NVIDIA GeForce GTX 660 or AMD Radeon HD 7870,2.0,47164.666666666664
1607250,MY HERO ULTRA RUMBLE,2023-09-28,0.0,"Action, Casual, Free To Play",AMD Radeon HD 7770 / Nvidia GeForce GTX 650 Ti,1.0,46591.0
2399830,ARK: Survival Ascended,2023-10-25,44.99,"Action, Adventure, Indie, Massively Multiplayer, RPG, Early Access","AMD Radeon RX 5600 XT, NVIDIA GeForce 1080",8.0,98047.0
960090,Bloons TD 6,2018-12-17,13.99,Strategy,"OpenGL 2.0 compatible, ATI, Nvidia or Intel HD",1.0,53891.0
2050650,Resident Evil 4,2023-03-23,39.99,"Action, Adventure",AMD Radeon RX 560 with 4GB VRAM / NVIDIA GeForce GTX 1050 Ti with 4GB VRAM,4.0,111172.0
1483870,Draw & Guess,2021-03-12,2.99,"Casual, Indie",Graphics card with DX10 (shader model 4.0) capabilities,1.0,40450.0
1816670,GUNDAM EVOLUTION,2022-09-19,0.0,"Action, Free To Play",NVIDIAÂ® GeForceÂ® GTX 1050,2.0,55437.0
648800,Raft,2022-06-20,19.99,"Adventure, Indie, Simulation",GeForce GTX 700 series or similar,,57722.333333333336
1919590,NBA 2K23,2022-09-08,50.0,"Simulation, Sports",NVIDIAÂ® GeForceÂ® GT 450 1GB/ ATIÂ® Radeonâ¢ HD 7770 1 GB or better,2.0,58662.0
703080,Planet Zoo,2019-11-05,44.99,"Casual, Simulation, Strategy",NVIDIA GeForce GTX 770 (2GB) / AMD Radeon R9 270X (2GB),2.0,38457.0
1250410,Microsoft Flight Simulator (2020) 40th Anniversary Edition,2020-08-17,59.99,Simulation,NVIDIA GTX 770 | AMD Radeon RX 570,2.0,61775.0
1973530,Limbus Company,2023-02-26,0.0,"Action, RPG, Strategy",GeForce GT 1030,2.0,50458.0
812140,Assassin's Creed® Odyssey,2018-10-05,59.99,"Action, Adventure, RPG","AMD Radeon R9 285, NVIDIA GeForce GTX 660 (2GB VRAM with Shader Model 5.0) (MORE DETAILS HERE)",2.0,34394.5
1623660,MIR4,2021-08-25,0.0,"Action, Adventure, Massively Multiplayer, RPG, Free To Play",Nvidia GTX 650 / AMD Radeon 530,1.0,84175.5
692850,Bloodstained: Ritual of the Night,2019-06-18,39.99,"Action, Adventure, RPG",AMD Radeon R9 280X / GeForce GTX 760,2.0,26811.0
244850,Space Engineers,2019-02-28,19.99,"Action, Indie, Simulation, Strategy",Geforce 750/Radeon R9 270X or higher,2.0,23519.0
1184370,Pathfinder: Wrath of the Righteous - Enhanced Edition,2021-09-02,19.99,"Action, Adventure, Indie, RPG, Strategy",NVIDIA GeForce 940M,1.0,46563.0
671860,BattleBit Remastered,2023-06-15,14.99,"Action, Massively Multiplayer, Early Access",Geforce GTS 450 or equivalent or better,2.0,86636.0
2881650,Content Warning,2024-04-01,7.99,"Action, Adventure, Indie",NVIDIA GeForce GTX 1050 ti or AMD R9 380,2.0,63320.0
3070070,TCG Card Shop Simulator,2024-09-15,12.99,"Simulation, Early Access",NVidia GeForce GTX 1050,2.0,53322.0
394360,Hearts of Iron IV,2016-06-06,49.99,"Simulation, Strategy",NvidiaÂ® GeForceâ¢ GTX 470 (1.28GB) | AMDÂ® HD 5850 (1GB) | Intel Iris Xe G7 (Tiger Lake) | AMDÂ® Radeonâ¢ RX Vega 11,1.0,67196.16666666667
1794680,Vampire Survivors,2022-10-20,4.99,"Action, Casual, Indie, RPG","DX11, DX12 capable",1.0,77061.0
359550,Tom Clancy's Rainbow Six® Siege X,2015-12-01,0.0,"Action, Free To Play",Nvidia GTX 1650 4GB / AMD RX 5500XT 4GB / Intel ARC A380 6GB,4.0,158502.83333333334
1818750,MultiVersus,2022-07-19,0.0,"Action, Free To Play",Nvidia GeForce GTX 650 Ti / AMD Radeon HD 7850,1.0,133723.5
105600,Terraria,2011-05-16,9.99,"Action, Adventure, Indie, RPG",Nvidia GeForce GTX 650 Ti / AMD Radeon HD 7850,1.0,145558.5
1966720,Lethal Company,2023-10-23,9.99,"Action, Adventure, Indie, Early Access",NVIDIA GForce GTX 1050,2.0,221500.5
2322560,Love Is All Around,2023-10-17,9.99,"Adventure, Indie, RPG, Simulation, Strategy",Discrete graphics card,1.0,64868.0
1790600,DRAGON BALL: Sparking! ZERO,2024-10-10,69.99,Action,Nvidia GeForce GTX 980 / AMD Radeon RX 590 / Intel Arc A750,4.0,120000.0
1363080,Manor Lords,2024-04-26,39.99,"Simulation, Strategy, Early Access",NVIDIAÂ® GeForceÂ® GTX 1050 (2 GB) / AMDÂ® Radeonâ¢ RX-460 (4 GB)  / IntelÂ® Arcâ¢ A380 (6 GB),2.0,172605.0
594570,Total War: WARHAMMER II,2017-09-28,59.99,"Action, Strategy",NVIDIA GTX 460 1GB | AMD Radeon HD 5770 1GB | Intel HD4000 @720p,1.0,68016.66666666667
1172620,Sea of Thieves: 2025 Edition,2020-06-03,39.99,"Action, Adventure",Nvidia GeForce GTX 660 or AMD Radeon R9 270,2.0,56961.666666666664
1325200,Nioh 2 – The Complete Edition,2021-02-05,49.99,"Action, RPG","NVIDIA GeForce GTX 970 or over, VRAM 4GB or over",4.0,41273.0
920210,LEGO® Star Wars™: The Skywalker Saga,2022-04-05,49.99,"Action, Adventure",GeForce GTX 750 Ti or Radeon HD 7850,2.0,82446.0
1845910,Dragon Age™: The Veilguard,2024-10-31,59.99,"Action, Adventure, RPG, Strategy",NVIDIA GTX 970/1650 / AMD Radeon R9 290X,4.0,60656.0
1151640,Horizon Zero Dawn™ Complete Edition,2020-08-07,50.0,"Action, Adventure, RPG",Nvidia GeForce GTX 780 (3 GB) or AMD Radeon R9 290 (4GB),3.0,49582.0
841370,NBA 2K19,2018-09-10,50.0,"Simulation, Sports",NVIDIAÂ® GeForceÂ® GT 450 1GB / AMDÂ® Radeonâ¢ HD 7770 1GB or better,2.0,28638.0
218620,PAYDAY 2,2013-08-13,9.99,"Action, RPG",Nvidia & AMD (512MB VRAM),1.0,61918.0
1593500,God of War,2022-01-14,49.99,"Action, Adventure, RPG",NVIDIA GTX 960 (4 GB) or AMD R9 290X (4 GB),2.0,73529.0
606880,GreedFall,2019-09-09,34.99,RPG,"2 GB, GeForce GTX 660/Radeon HD 7870",2.0,16190.0
1174180,Red Dead Redemption 2,2019-12-05,59.99,"Action, Adventure",Nvidia GeForce GTX 770 2GB / AMD Radeon R9 280 3GB,2.0,64495.2
2679460,Metaphor: ReFantazio,2024-10-10,69.99,"Action, Adventure, RPG","NVIDIA GeForce GTX 750 Ti, 4GB or AMD Radeon R7 360, 4GB or Intel Arc A310, 4GB",2.0,85194.0
1158310,Crusader Kings III,2020-09-01,49.99,"RPG, Simulation, Strategy",NvidiaÂ® GeForceâ¢ GTX 660 (2GB) / AMDÂ® Radeonâ¢ HD 7870 (2GB) / IntelÂ® Iris Proâ¢ 580 / IntelÂ® IrisÂ® Plus G7 / AMDÂ® Radeonâ¢ Vega 11,2.0,70703.66666666667
1282730,Loop Hero,2021-03-04,14.99,"Indie, RPG, Strategy","GeForce 7300 GT (512 MB), Radeon X1300 Pro (256 MB)",1.0,51078.0
1938090,Call of Duty®,2022-10-27,0.0,Action,"AMD Radeonâ¢ RX 470, NVIDIAÂ® GeForceÂ® GTX 960 or IntelÂ® Arcâ¢ A580",2.0,339585.0
1286830,STAR WARS™: The Old Republic™,2020-07-21,0.0,"Massively Multiplayer, RPG, Free To Play",Star Wars: The Old Republic requires a video card that has a minimum of 1 GB of on-board RAM as well as support for Shader 3.0 or better. Examples include: Intel HD 3000 or better/AMD Radeon HD 7450/Nvidia GeForce 610,1.0,27416.0
2507950,Delta Force,2024-12-04,0.0,"Action, Adventure, Massively Multiplayer, Free To Play",Nvidia Geforce GTX 660 / AMD HD 7870 / Intel Arc A380,2.0,118626.0
492720,Tropico 6,2019-03-29,39.99,"Simulation, Strategy","AMD/NVIDIA dedicated GPU, 2GB dedicated VRAM (Radeon HD 7870, Geforce GTX 750)",2.0,15170.0
1337520,Risk of Rain Returns,2023-11-08,14.99,Action,"Nvidia GeForce GT 710, 1 GB or AMD Radeon R7 240, 1 GB",2.0,41838.0
251570,7 Days to Die,2024-07-25,44.99,"Action, Adventure, Indie, RPG, Simulation, Strategy",2 GB Dedicated Memory,2.0,71345.83333333333
1623730,Palworld,2024-01-18,29.99,"Action, Adventure, Indie, RPG, Early Access",GeForce GTX 1050 (2GB),2.0,2101535.0
2767030,Marvel Rivals,2024-12-05,0.0,"Action, Free To Play",NVIDIA GeForce GTX 1060 / AMD RX 580 / Intel Arc A380,6.0,418832.0
1030840,Mafia: Definitive Edition,2020-09-24,39.99,"Action, Adventure",NVIDIA GeForce GTX 660 / AMD Radeon HD 7870,2.0,36631.0
700600,Evil Genius 2: World Domination,2021-03-30,39.99,"Simulation, Strategy","GeForce GT 1030 2GB, Radeon RX 550 2GB",2.0,26509.0
444090,Paladins®,2018-05-08,0.0,"Action, Adventure, Massively Multiplayer, Strategy, Free To Play",Nvidia GeForce 8800 GT,1.0,28070.0
858810,Dawn of Man,2019-03-01,24.99,"Indie, Simulation, Strategy",1 GB VRAM (Shader Model 3),1.0,23738.0
899770,Last Epoch,2024-02-21,34.99,"Action, Adventure, Indie, RPG",nVidia GTX 1060 / AMD RX 580 with 6GB of VRAM,6.0,149503.5
292030,The Witcher 3: Wild Hunt,2015-05-18,39.99,RPG,Nvidia GPU GeForce GTX 660 / AMD GPU Radeon HD 7870,2.0,85722.0
2567870,Chained Together,2024-06-19,4.99,"Adventure, Casual, Indie, Simulation",NVIDIA GeForce GTX 1650 or equivalent,4.0,92186.0
1832640,Mirror 2: Project X,2022-01-20,1.99,"Adventure, Indie, RPG, Early Access",NVIDIA GeForce GTX 1050,2.0,33035.0
2479810,Gray Zone Warfare,2024-04-30,39.99,"Action, Massively Multiplayer, Simulation, Early Access",NVIDIAÂ® GeForceÂ® GTX 1080 8GB / 2060 SUPER 8GB  / RTX 3060 8GB / RTX 4060 8GB / AMD Radeonâ¢ RX 5700 8GB / RX 6600 8GB / IntelÂ® Arcâ¢ A770 8GB,4.0,71503.0
221380,Age of Empires II (Retired),2013-04-09,19.99,Strategy,Direct X 9.0c Capable GPU,1.0,20826.0
858820,Tribes of Midgard,2021-07-27,19.99,"Action, Adventure, Indie, RPG",Nvidia GeForce GTX 560 (1GB) or AMD Radeon HD 7770 (1GB),1.0,30930.0
2429640,THRONE AND LIBERTY,2024-10-01,0.0,"Action, Adventure, Massively Multiplayer, RPG, Free To Play",NVIDIA Geforce GTX960,2.0,333393.0
997070,Marvel's Avengers - The Definitive Edition,2020-09-04,50.0,"Action, Adventure, RPG",NVIDIA GTX 950 / AMD 270 (min 2GB video ram),4.0,28145.0
838350,The Scroll Of Taiwu,2018-09-20,19.99,"Adventure, Casual, Indie, RPG, Strategy, Early Access",HD4400,1.0,64066.0
945360,Among Us,2018-11-16,4.99,Casual,INTEL HD Graphics 4600,,284331.0
813780,Age of Empires II: Definitive Edition,2019-11-14,34.99,Strategy,NVIDIAÂ® GeForceÂ® GT 420 or ATIâ¢ Radeonâ¢ HD 6850 or IntelÂ® HD Graphics 4000 or better with 2 GB VRAM,1.0,33297.0
294100,RimWorld,2018-10-17,34.99,"Indie, Simulation, Strategy",Intel HD Graphics 4000 or other shader model 4.0,1.0,46739.4
730,Counter-Strike 2,2012-08-21,0.0,"Action, Free To Play",Video card must be 1 GB or more and should be a DirectX 11-compatible with support for Shader Model 5.0,1.0,1323927.3333333333
594650,Hunt: Showdown 1896,2019-08-27,29.99,Action,"NVIDIA GTX 1650 Super or AMD Radeon RX 5500 XT, with a minimum of 4GB of VRAM",4.0,46247.666666666664
1085660,Destiny 2,2019-10-01,0.0,"Action, Adventure, Free To Play",NVIDIAÂ® GeForceÂ® GTX 660 2GB or GTX 1050 2GB / AMD Radeon HD 7850 2GB,2.0,273764.3333333333
2183900,"Warhammer 40,000: Space Marine 2",2024-09-09,59.99,"Action, Adventure, RPG","6 GB VRAM, AMD Radeon RX 580 / Nvidia GeForce GTX 1060",6.0,186199.0
291550,Brawlhalla,2017-10-17,0.0,"Action, Indie, Free To Play","6 GB VRAM, AMD Radeon RX 580 / Nvidia GeForce GTX 1060",6.0,28497.333333333332
255710,Cities: Skylines,2015-03-10,29.99,"Simulation, Strategy",NvidiaÂ® GeForceâ¢ GTS 450 (1 GB) |  AMDÂ® R7 250 (2 GB)  |  Intel Iris Xe G7 (Tiger Lake),2.0,40447.0
1384160,GUILTY GEAR -STRIVE-,2021-06-11,39.99,Action,"Radeon HD 6870, 1 GB / GeForce GTX 650 Ti, 1 GB",1.0,30939.0
220,Half-Life 2,2004-11-16,9.99,Action,DirectX 8.1 level Graphics Card (requires support for SSE),1.0,64085.0
8930,Sid Meier's Civilization® V,2010-09-21,29.99,Strategy,"256 MB ATI HD2600 XT or better, 256 MB nVidia 7900 GS or better, or Core i3 or better integrated graphics",1.0,40985.333333333336
397540,Borderlands 3,2020-03-13,59.99,"Action, RPG",AMD Radeonâ¢ HD 7970 or NVIDIA GeForce GTX 680 2 GB,2.0,93597.0
1928420,Farlight 84,2023-09-21,0.0,"Action, Adventure, Massively Multiplayer, Free To Play",NVIDIA GeForceÂ® GTX 660 or Equivalent,2.0,41396.0
271590,Grand Theft Auto V Legacy,2015-04-13,30.0,"Action, Adventure","NVIDIA 9800 GT 1GB / AMD HD 4870 1GB (DX 10, 10.1, 11)",1.0,233672.16666666666
1254120,Bless Unleashed,2021-08-06,0.0,"Action, Massively Multiplayer, RPG, Free To Play",NVIDIA GeForce GTX 960 2GB / AMD Radeon R7 370 2GB,2.0,76273.0
1517290,Battlefield™ 2042,2021-11-19,59.99,"Action, Adventure, Casual","AMD Radeon RX 560,Nvidia GeForce GTX 1050 Ti",2.0,103798.0
532210,Life is Strange 2,2018-09-26,0.0,Adventure,Nvidia GeForce GTX 650 2GB or AMD Radeon HD 7770 2GB,1.0,468634.0
677620,Splitgate,2019-05-24,0.0,"Action, Free To Play, Indie",NVIDIA GeForce GTX 660 1GB,2.0,67724.0
2073850,THE FINALS,2023-12-07,0.0,"Action, Free To Play",NVIDIA GeForce GTX 1050 Ti or AMD Radeon RX 580,2.0,179656.0
952060,Resident Evil 3,2020-04-02,39.99,Action,NVIDIAÂ® GeForceÂ® GTX 960 or AMD Radeonâ¢ RX 460,2.0,32635.0
646910,The Crew™ 2,2018-06-28,29.99,"Action, Massively Multiplayer, Racing",NVIDIA GeForce GTX 660 or AMD HD 7870 (2GB VRAM with Shader Model 5.0 or better),2.0,55125.0
546560,Half-Life: Alyx,2020-03-23,59.99,"Action, Adventure",GTX 1060 / RX 580 - 6GB VRAM,6.0,16459.0
304390,FOR HONOR™,2024-03-14,29.99,Action,NVIDIA GeForce GTX950 / GTX1050 with 2 GB VRAM | AMD Radeon R9 270 / R9 370 / RX460 with 2 GB VRAM,4.0,15529.0
2669320,EA SPORTS FC™ 25,2024-09-26,69.99,"Simulation, Sports",AMD RX 570 or Nvidia GTX 1050 Ti,2.0,105743.0
903950,Last Oasis,2020-03-26,29.99,"Action, Adventure, Indie, Massively Multiplayer, RPG, Early Access","NVIDIA GTX 770, AMD Radeon HD 7870",2.0,33104.0
1272080,PAYDAY 3,2023-09-21,29.99,"Action, Adventure, RPG",Nvidia GTX 1650 (4 GB) or AMD Radeon RX 580 (4GB),4.0,69112.0
1366800,Crosshair X,2020-08-17,4.99,"Action, Adventure, Indie, Animation & Modeling, Design & Illustration, Education, Photo Editing, Utilities, Game Development",Nvidia GTX 1650 (4 GB) or AMD Radeon RX 580 (4GB),4.0,87928.0
381210,Dead by Daylight,2016-06-14,24.99,Action,DX11 Compatible GeForce GTX 460 1GB or AMD HD 6850 1GB,1.0,90239.83333333333
322330,Don't Starve Together,2016-04-21,14.99,"Action, Adventure, Indie, RPG, Simulation, Strategy",Radeon HD5450 or better; 256 MB or higher,1.0,69999.5
1066780,Transport Fever 2,2019-12-11,39.99,"Casual, Indie, Simulation, Strategy","NVIDIA GeForce GTX 560 or AMD Radeon HD 7850, 2 GB VRAM",1.0,23150.0
1213210,Command & Conquer™ Remastered Collection,2020-06-05,19.99,Strategy,NVIDIA GeForce GT 420 or ATI Radeon HD 5570,1.0,29136.0
1238810,Battlefield™ V,2020-10-22,49.99,Action,NVIDIA GeForceÂ® GTX 1050 / NVIDIA GeForceÂ® GTX 660 2GB or AMD Radeonâ¢ RX 560 / HD 7850 2GB,2.0,83185.75
2252570,Football Manager 2024,2023-11-06,59.99,"Simulation, Sports, Strategy","Intel GMA X4500, NVIDIA GeForce 9600M GT, AMD/ATI Mobility Radeon HD 3650 - requires 256MB VRAM and DirectXÂ® 11",1.0,87861.0
1260320,Party Animals,2023-09-20,19.99,"Action, Casual, Indie","NVIDIA GTX 750-Ti / AMD RX 550, 2GB VRam",2.0,57806.0
2420510,HoloCure - Save the Fans!,2023-08-16,0.0,"Action, Adventure, Casual, Indie","NVIDIA GTX 750-Ti / AMD RX 550, 2GB VRam",2.0,45173.0
304930,Unturned,2017-07-07,0.0,"Action, Adventure, Casual, Indie, Free To Play","NVIDIA GTX 750-Ti / AMD RX 550, 2GB VRam",2.0,72472.5
740130,Tales of Arise,2021-09-09,39.99,"Action, RPG",GeForce GTX 760 or Radeon HD 7950,2.0,60274.0
1426210,It Takes Two,2021-03-25,39.99,"Action, Adventure",Nvidia GeForce GTX 660 or AMD R7 260x,2.0,69976.0
444200,World of Tanks Blitz,2016-11-09,0.0,"Action, Massively Multiplayer, Simulation, Strategy, Free To Play",DirectX 11 compliant graphics card with 256 MB of VRAM,1.0,46657.25
2074920,The First Descendant,2024-06-30,0.0,"Action, Adventure, RPG, Free To Play",GeForce GTX 1050Ti / AMD Radeon RX 570 / Intel Arc A380,1.0,264860.0
39210,FINAL FANTASY XIV Online,2014-02-18,19.99,"Massively Multiplayer, RPG","NVIDIA GeForce GTX 970 or higher, AMD Radeon RX 480 or higher",4.0,62636.333333333336
924970,Back 4 Blood,2021-10-12,59.99,Action,NVIDIA GeForce GTX 1050 Ti OR AMD Radeon RX 570,2.0,65873.0
814380,Sekiro™: Shadows Die Twice - GOTY Edition,2019-03-21,59.99,"Action, Adventure",NVIDIA GeForce GTX 760 | AMD Radeon HD 7950,2.0,124334.0
1332010,Stray,2022-07-19,29.99,"Adventure, Indie","NVIDIA GeForce GTX 650 Ti, 2 GB | AMD Radeon R7 360, 2 GB",1.0,51455.0
289070,Sid Meier’s Civilization® VI,2016-10-20,59.99,Strategy,1 GB & AMD 5570 or nVidia 450 or Intel Integrated Graphics 530,1.0,85610.5
739630,Phasmophobia,2020-09-18,19.99,"Action, Indie, Early Access",NVIDIA GTX 970 / AMD Radeon R9 390,4.0,75137.0
1364780,Street Fighter™ 6,2023-06-01,39.99,"Action, Adventure",GTX1060 (VRAM 6GB) / Radeon RX 580 (VRAM 4GB),6.0,70174.0
236850,Europa Universalis IV,2013-08-13,49.99,"Simulation, Strategy",NvidiaÂ® GeForceâ¢ GTX 460 / AMDÂ® Radeonâ¢ HD 5850,1.0,35476.5
1063730,New World: Aeternum,2021-09-28,59.99,"Action, Adventure, Massively Multiplayer, RPG",NVIDIA GTX 1060 3 GB / AMD Radeon RX 590,6.0,297447.0
2195250,EA SPORTS FC™ 24,2023-09-28,0.0,"Simulation, Sports",NVIDIA GeForce GTX 1050 Ti 4GB or AMD Radeon RX 570 4GB,2.0,94317.5
386360,SMITE®,2015-09-08,0.0,"Action, Adventure, Casual, Massively Multiplayer, RPG, Strategy, Free To Play",Nvidia GeForce 8800 GT,1.0,24078.5
1238840,Battlefield™ 1,2020-06-11,39.99,"Action, Massively Multiplayer",Graphics card (AMD): AMD Radeonâ¢ HD 7850 2GB Graphics card (NVIDIA): NVIDIA GeForceÂ® GTX 660 2GB,2.0,48198.5
1361210,"Warhammer 40,000: Darktide",2022-11-30,39.99,"Action, Adventure, RPG",NVIDIA GeForce GTX 970 OR AMD Radeon RX 570,4.0,107450.0
2054970,Dragon's Dogma 2,2024-03-21,69.99,"Action, RPG",NVIDIA GeForce GTX 1070 / AMD Radeon RX 5500 XT with 8GB VRAM,4.0,228285.0
597820,BIOMUTANT,2021-05-25,39.99,"Action, RPG",4 GB Direct3D 11 capable video card - GeForce GTX 960 or Radeon R9 380,4.0,36397.0
1811260,EA SPORTS™ FIFA 23,2022-09-30,50.0,"Simulation, Sports",NVIDIA GeForce GTX 1050 Ti or AMD Radeon RX 570,2.0,104869.0
1643320,S.T.A.L.K.E.R. 2: Heart of Chornobyl,2024-11-20,59.99,"Action, Adventure, RPG",Nvidia GeForce GTX 1060 6GB / AMD Radeon RX 580 8GB / Intel Arc A750,6.0,120960.0
1454400,Cookie Clicker,2021-09-01,4.99,"Casual, Indie, Simulation, Strategy",Nvidia GeForce GTX 1060 6GB / AMD Radeon RX 580 8GB / Intel Arc A750,6.0,67806.0
644930,They Are Billions,2019-06-18,29.99,Strategy,"Intel HD3000, Radeon, Nvidia card with shader model 3, 1GB video ram.",1.0,17834.0
1057090,Ori and the Will of the Wisps,2020-03-10,29.99,Action,Nvidia GTX 950 | AMD R7 370,4.0,31224.0
2357570,Overwatch® 2,2023-08-10,0.0,"Action, Free To Play","NVIDIAÂ® GeForceÂ® GTX 600 series, AMD Radeonâ¢ HD 7000 series",1.0,68090.0
2139460,Once Human,2024-07-09,0.0,"Action, Adventure, RPG, Simulation, Strategy, Free To Play",Nvidia GTX 750ti 4G / AMD Radeon RX550,1.0,231343.0
1089350,NBA 2K20,2019-09-06,50.0,"Simulation, Sports",NVIDIAÂ® GeForceÂ® GT 450 1GB / AMDÂ® Radeonâ¢ HD 7770 1GB or better,2.0,39860.0
377160,Fallout 4,2015-11-09,19.99,RPG,NVIDIA GTX 550 Ti 2GB/AMD Radeon HD 7870 2GB or equivalent,1.0,82164.66666666667
617290,Remnant: From the Ashes,2019-08-19,39.99,"Action, Adventure, RPG",AMD Radeon RX 470,1.0,48194.0
1568590,Goose Goose Duck,2021-10-03,0.0,"Casual, Indie, Massively Multiplayer, Strategy, Free To Play",Integrated Graphics,1.0,558438.0
2016590,Dark and Darker,2024-06-07,0.0,"Action, RPG, Free To Play, Early Access",GeForce GTX 1060 with 3GB of video RAM or Radeon RX 580 with 4GB of video RAM or Intel Arc A380,6.0,57141.0
438100,VRChat,2017-02-01,0.0,"Adventure, Casual, Massively Multiplayer, Simulation, Sports, Free To Play, Early Access",NVIDIA GeForceÂ® GTX 970 / AMD Radeonâ¢ R9 290 equivalent or greater,4.0,43405.75
219990,Grim Dawn,2016-02-25,24.99,"Action, Adventure, Indie, RPG",512MB NVIDIA GeForce 6800 series or ATI Radeon X800 series or better,1.0,61093.0
431960,Wallpaper Engine,2018-11-16,4.99,"Casual, Indie, Animation & Modeling, Design & Illustration, Photo Editing, Utilities",HD Graphics 4000 or above,1.0,104243.25
976730,Halo: The Master Chief Collection,2019-12-03,39.99,Action,AMD HD 6850 ; NVIDIA GeForce GTS 450,2.0,73860.5
2694490,Path of Exile 2,2024-12-06,29.99,"Action, Adventure, Massively Multiplayer, RPG, Early Access","NVIDIAÂ® GeForceÂ® GTX 960 (3GB), IntelÂ® Arcâ¢ A380, or ATI Radeonâ¢ RX 470",2.0,578562.0
834910,ATLAS,2018-12-22,29.99,"Action, Adventure, Massively Multiplayer, RPG, Early Access",NVIDIA GTX 770 2GB/AMD Radeon HD 7870 2GB or better,2.0,55297.0
782330,DOOM Eternal,2020-03-19,39.99,Action,"NVIDIA GeForce GTX 1050Ti (4GB), GTX 1060 (3GB), GTX 1650 (4GB) or AMD Radeon R9 280(3GB), AMD Radeon R9 290 (4GB), RX 470 (4GB)",4.0,84865.0
489830,The Elder Scrolls V: Skyrim Special Edition,2016-10-27,39.99,RPG,NVIDIA GTX 470 1GB /AMD HD 7870 2GB,1.0,38532.0
236390,War Thunder,2013-08-15,0.0,"Action, Massively Multiplayer, Simulation, Free To Play",DirectX 11 level video card: AMD Radeon 77XX / NVIDIA GeForce GTX 660. The minimum supported resolution for the game is 720p.,2.0,78213.33333333333
453480,Shadowverse CCG,2016-10-27,0.0,"Strategy, Free To Play",NVIDIA GeForce GT1030 / AMD Radeon RX 550,2.0,20077.0
289130,ENDLESS™ Legend,2014-09-18,29.99,"RPG, Strategy","1GB nVidia Geforce GT460 or equivalent, 500 MB ATI HD4850 or equivalent",1.0,88785.0
211820,Starbound,2016-07-22,14.99,"Action, Adventure, Casual, Indie, RPG",256 MB graphics memory and directx 9.0c compatible gpu,1.0,20116.0
534380,Dying Light 2 Stay Human: Reloaded Edition,2022-02-03,59.99,"Action, Adventure, RPG",NVIDIAÂ® GeForceÂ® GTX 1050 Ti / AMD Radeonâ¢ RX 560 (4GB VRAM),2.0,274983.0
1599340,Lost Ark,2022-02-11,0.0,"Action, Adventure, Massively Multiplayer, RPG, Free To Play",Nvidia Geforce GTX 1050 Ti / AMD Radeon RX 560,2.0,584135.0
1056640,Phantasy Star Online 2 New Genesis,2020-08-05,0.0,"Action, Massively Multiplayer, RPG, Free To Play",NVIDIA GeForceÂ® GT430,1.0,59197.0
990080,Hogwarts Legacy,2023-02-10,59.99,"Action, Adventure, RPG",NVIDIA GeForce GTX 960 4GB or AMD Radeon RX 470 4GB,2.0,527652.0
1248130,Farming Simulator 22,2021-11-21,29.99,Simulation,GeForce GTX 660 or AMD Radeon R7 265 or better (min 2GB VRAM),2.0,67332.75
281990,Stellaris,2016-05-09,39.99,"Simulation, Strategy","NvidiaÂ® GeForceâ¢ GTX 460 or AMDÂ® ATI Radeonâ¢ HD 5870  (1GB VRAM), or AMDÂ® Radeonâ¢  RX Vega 11 or IntelÂ® HD Graphics 4600",1.0,51094.75
1418630,Dread Hunger,2022-01-26,0.0,"Action, Adventure, Indie",NVIDIA GeForce 760 GTX or AMD Radeon R9 280,2.0,107820.0
1326470,Sons Of The Forest,2024-02-22,29.99,"Action, Adventure, Indie, Simulation",NVIDIA GeForce GTX 1060 3GB or AMD Radeon RX 570 4GB,6.0,232884.0
1669000,Age of Wonders 4,2023-05-02,49.99,Strategy,NvidiaÂ® GeForceâ¢ GTX 670 (2GB) or AMDÂ® Radeonâ¢ HD 7870 (2GB) or IntelÂ® Arcâ¢ A380 (6GB) or IntelÂ® Irisâ¢ Xe G7 (Tiger Lake) or AMDÂ® Radeonâ¢ Vega 8,2.0,42826.0
275850,No Man's Sky,2016-08-12,59.99,"Action, Adventure","Nvidia GTX 1060 3GB, AMD RX 470 4GB, Intel UHD graphics 630",6.0,46093.2
1468810,鬼谷八荒 Tale of Immortal,2023-05-26,19.99,"Action, Adventure, Indie, RPG, Simulation",HD4400,1.0,183985.0
1281930,tModLoader,2020-05-16,0.0,"Action, Adventure, Indie, RPG, Free To Play",FNA Requirements:,1.0,38407.0
1046930,Dota Underlords,2019-06-20,0.0,"Casual, Strategy, Free To Play",Integrated HD Graphics 520 w/128 MB or better,1.0,116403.5
107410,Arma 3,2013-09-12,29.99,"Action, Simulation, Strategy","NVIDIA GeForce GTX 660 or AMD Radeon HD 7850 or Intel HD Graphics 4000, with 1 GB video memory",2.0,36708.0
787860,Farming Simulator 19,2018-11-19,17.99,Simulation,"Nvidia Geforce GTX 650, AMD Radeon HD 7770 graphics card or better (min. 2 GB VRAM, DX11 support)",1.0,34141.0
387990,Scrap Mechanic,2016-01-19,19.99,"Action, Adventure, Indie, Simulation, Early Access",Intel HD Graphics 520 or a dedicated graphics card with 2 GB memory and DirectX feature level 10.1,1.0,46366.0
203160,Tomb Raider,2013-03-04,14.99,"Action, Adventure","DirectX 9 graphics card with 512Mb Video RAM: AMD Radeon HD 2600 XT, nVidia 8600",1.0,89494.0
1172380,STAR WARS Jedi: Fallen Order™,2019-11-14,39.99,"Action, Adventure","AMD Radeon HD 7750, NVIDIA GeForce GTX 650 or Equivalent",1.0,46513.0
4000,Garry's Mod,2006-11-29,9.99,"Casual, Indie, Simulation",1GB dedicated VRAM or better,1.0,50562.4
1644960,NBA 2K22,2021-09-09,50.0,"Simulation, Sports",NVIDIAÂ® GeForceÂ® GT 450 1GB/ ATIÂ® Radeonâ¢ HD 7770 1 GB or better,2.0,46628.0
1888160,ARMORED CORE™ VI FIRES OF RUBICON™,2023-08-24,59.99,Action,"NVIDIA GeForce GTX 1650, 4 GB or AMD Radeon RX 480, 4 GB",4.0,156022.0
2300320,Farming Simulator 25,2024-11-12,49.99,Simulation,"Nvidia GeForce GTX 1050Ti, AMD Radeon RX 470 graphics card or better (min 3GB VRAM, DX12 support)",3.0,135883.0
1203620,Enshrouded,2024-01-24,29.99,"Action, Adventure, Indie, RPG, Early Access",NVIDIA GeForce GTX 1060 (req. 6GB VRAM) / AMD Radeon RX 580 (req. 6GB VRAM) / Intel ARC A380,6.0,160361.0
221100,DayZ,2018-12-13,49.99,"Action, Adventure, Massively Multiplayer",NVIDIA GeForce GTX 760 or AMD R9 270X,2.0,52853.833333333336
1091500,Cyberpunk 2077,2020-12-09,59.99,RPG,GeForce GTX 1060 6GB or Radeon RX 580 8GB or Arc A380,6.0,307924.8
261550,Mount & Blade II: Bannerlord,2022-10-25,49.99,"Action, Indie, RPG, Simulation, Strategy",IntelÂ® UHD Graphics 630 / NVIDIAÂ® GeForceÂ® GTX 660 2GB / AMD Radeonâ¢ HD 7850 2GB,2.0,153322.5
868270,The Cycle: Frontier,2022-06-08,0.0,"Action, Free To Play, Massively Multiplayer",NVIDIA GeForce GTX 760 or AMD Radeon R9 270; 2GB VRAM,2.0,40690.0
1677740,Stumble Guys,2021-10-07,0.0,"Action, Casual, Indie, Massively Multiplayer, Racing, Free To Play",AMD Radeon HD 7750 | NVIDIA Geforce GTX 260,1.0,43705.0
424370,Wolcen: Lords of Mayhem,2020-02-13,29.99,"Action, Adventure, Indie, RPG",NVIDIA GeForce GTX 560 Ti / AMD Radeon HD 6850,1.0,127542.0
457140,Oxygen Not Included,2019-07-30,24.99,"Indie, Simulation",Intel HD 4600 (AMD or NVIDIA equivalent),1.0,27380.0
882100,XCOM®: Chimera Squad,2020-04-23,19.99,Strategy,"1GB AMD Radeon HD 7770, NVIDIA GeForce 650 or better",1.0,20701.0
976310,Mortal Kombat 11,2019-04-23,49.99,Action,NVIDIAÂ® GeForceâ¢ GTX 670 or NVIDIAÂ® GeForceâ¢ GTX 1050 / AMDÂ® Radeonâ¢ HD 7950 or AMDÂ® Radeonâ¢ R9 270,2.0,27301.0
1245620,ELDEN RING,2022-02-24,59.99,"Action, RPG",NVIDIA GEFORCE GTX 1060 3 GB or AMD RADEON RX 580 4 GB,6.0,613407.3333333334
440,Team Fortress 2,2007-10-10,0.0,"Action, Free To Play",NVIDIA GEFORCE GTX 1060 3 GB or AMD RADEON RX 580 4 GB,6.0,163563.33333333334
1142710,Total War: WARHAMMER III,2022-02-16,59.99,"Action, Strategy",Nvidia GTX 900/AMD RX 400 series | Intel Iris Xe Graphics,2.0,104702.0
859580,Imperator: Rome,2019-04-25,39.99,"Simulation, Strategy",NvidiaÂ® GeForceâ¢ GTX 460 or AMDÂ® Radeonâ¢ HD 6970,1.0,29077.0
1371580,Myth of Empires,2024-02-21,29.99,"Action, Adventure, Indie, Massively Multiplayer, RPG",NVIDIA GeForce GTX 960 2GB / AMD Radeon R7 370 2GB,2.0,47619.0
736190,Chinese Parents,2018-09-28,9.99,"Casual, Indie, RPG, Simulation",1024x768 High Color +,1.0,21311.0
1097150,Fall Guys,2020-08-03,0.0,"Action, Casual, Indie, Massively Multiplayer, Sports",NVIDIA GTX 660 or AMD Radeon HD 7950,2.0,115790.0
745920,Temtem,2022-09-06,44.99,"Adventure, Indie, Massively Multiplayer, RPG",Nvidia GT 650M or similar,1.0,39501.0
1604030,V Rising,2024-05-08,34.99,"Action, Adventure, Massively Multiplayer","NVIDIA GeForce GTX 750 Ti (Maxwell or newer), 2 GB or AMD Radeon R7 360, 2 GB",2.0,120149.66666666667
1782210,Crab Game,2021-10-29,0.0,"Action, Casual, Free To Play, Indie, Racing",Intel HD 520,1.0,61881.333333333336
1296830,暖雪 Warm Snow,2022-01-18,17.99,"Action, Adventure, Indie, RPG",Nvidia GeForce GTX 750,2.0,44545.0
529340,Victoria 3,2022-10-25,49.99,"Simulation, Strategy",NvidiaÂ® GeForceâ¢ GTX 660 (2GB)  |  AMDÂ® Radeonâ¢ R7 370 (2GB) or IntelÂ® IrisÂ® Xe Graphics or AMDÂ® Radeonâ¢ Vega 8,2.0,69663.0
1190340,SUPER PEOPLE,2025-09-18,14.99,"Action, Casual, Massively Multiplayer, Early Access",NVIDIA GeForce GTX 960 / AMD Radeon R7 370,2.0,47189.0
1549250,UNDECEMBER,2022-10-11,0.0,"Action, Adventure, RPG, Free To Play",nVidia GeForce GTX 960 2GB or AMD Radeon R7 370 2GB,2.0,45866.0
1920960,VPet-Simulator,2023-08-13,0.0,"Casual, Indie, RPG, Simulation, Free To Play",Iris or better,1.0,85283.0
2358720,Black Myth: Wukong,2024-08-19,59.99,"Action, Adventure, RPG",NVIDIA GeForce GTX 1060 6GB / AMD Radeon RX 580 8GB,6.0,2406967.0
361420,ASTRONEER,2019-02-05,29.99,"Adventure, Indie",Discrete Non Mobile GPU with 1 GB Ram,1.0,17891.0
1124300,HUMANKIND™,2021-08-17,49.99,Strategy,NVIDIA GTX 770 / AMD R9 290,2.0,55232.0
435150,Divinity: Original Sin 2 - Definitive Edition,2017-09-14,44.99,"Adventure, RPG, Strategy",NVIDIAÂ® GeForceÂ® GTX 550 or ATIâ¢ Radeonâ¢ HD 6XXX or higher,1.0,25023.5
729040,Borderlands Game of the Year Enhanced,2023-08-31,29.99,"Action, RPG","Geforce GTX 660, Radeon HD 6970",2.0,22271.0
286160,Tabletop Simulator,2015-06-05,19.99,"Casual, Indie, RPG, Simulation, Strategy",Graphics card with DX10 (shader model 4.0) capabilities.,1.0,36793.0
306130,The Elder Scrolls® Online,2017-05-22,19.99,"Action, Adventure, Massively Multiplayer, RPG",Direct X 11.0 compliant video card with 1GB RAM (NVIDIAÂ® GeForceÂ® 560 or AMD Radeonâ¢ 6870),1.0,41610.333333333336
883710,Resident Evil 2,2019-01-24,39.99,Action,NVIDIAÂ® GeForceÂ® GTX 960 or AMD Radeonâ¢ RX 460,2.0,74024.0
1277400,Monster Hunter Stories 2: Wings of Ruin,2021-07-08,39.99,"Adventure, RPG",NVIDIAÂ®GeForceÂ® GTX 960 / 2GB VRAM or AMD Radeon RX 560 / 2GB VRAM,2.0,34947.0
3097560,Liar's Bar,2024-10-02,6.99,"Casual, Indie, Simulation, Strategy, Early Access",NVIDIAÂ® GeForceÂ® GTX 1050 (2 GB) / AMDÂ® Radeonâ¢ RX-460 (4 GB) / IntelÂ® Arcâ¢ A380 (6 GB),2.0,109419.0
1086940,Baldur's Gate 3,2023-08-03,59.99,"Adventure, RPG, Strategy",Nvidia GTX 970 / RX 480 (4GB+ of VRAM),4.0,407084.3333333333
413150,Stardew Valley,2016-02-26,14.99,"Indie, RPG, Simulation","256 mb video memory, shader model 3.0+",1.0,95301.83333333333
227300,Euro Truck Simulator 2,2012-10-12,19.99,"Indie, Simulation",NVIDIA GeForce GTX 660 or AMD Radeon RX 460 or Intel HD 630 (2GB VRAM),2.0,60425.833333333336
680420,OUTRIDERS,2021-04-01,19.99,"Action, Adventure, RPG",Nvidia GeForce GTX 750ti / AMD Radeon R9 270x,1.0,125123.0
477160,Human Fall Flat,2016-07-22,19.99,"Adventure, Casual, Indie, Simulation",GeForce GT 740 (2048 MB) or equivalent | Radeon HD 5770 (1024 MB),1.0,78742.0
1466860,Age of Empires IV: Anniversary Edition,2021-10-28,39.99,Strategy,Intel HD 520 or AMD Radeon RX Vega 11,1.0,73629.0
1817070,Marvel’s Spider-Man Remastered,2022-08-12,59.99,"Action, Adventure, Casual",NVIDIA GTX 950 or AMD Radeon RX 470,4.0,66093.0
949230,Cities: Skylines II,2023-10-24,49.99,Simulation,NvidiaÂ® GeForceâ¢ GTX 970 (4 GB)  | AMDÂ® Radeonâ¢ RX 480 (8 GB),4.0,76549.0
1774580,STAR WARS Jedi: Survivor™,2023-04-27,69.99,"Action, Adventure",8GB VRAM |  GTX 1070  |  Radeon RX 580,8.0,67583.0
1172470,Apex Legends™,2020-11-04,0.0,"Action, Adventure, Free To Play","AMD Radeonâ¢ HD 7790, NVIDIA GeForceÂ® GTX 950",4.0,410452.4
1049590,Eternal Return,2023-07-19,0.0,"Indie, Strategy, Free To Play","NVIDIA GeForce GTX 660, ATI Radeon HD 7850",2.0,46796.0
1448440,Wo Long: Fallen Dynasty,2023-03-03,39.99,"Action, Adventure, RPG",GeForce GTX 1650 4GBãRadeon RX 570 4GB,4.0,75373.0
203770,Crusader Kings II,2012-02-14,0.0,"RPG, Simulation, Strategy, Free To Play",GeForce GTX 1650 4GBãRadeon RX 570 4GB,4.0,18227.0
346110,ARK: Survival Evolved,2017-08-27,14.99,"Action, Adventure, Indie, Massively Multiplayer, RPG",NVIDIA GTX 670 2GB/AMD Radeon HD 7870 2GB or better,2.0,146027.6
